{
  "RandomForest": {
    "accuracy": 0.7991483321504613,
    "precision": 0.6552901023890785,
    "recall": 0.5133689839572193,
    "f1": 0.5757121439280359,
    "roc_auc": 0.8414348084424812,
    "confusion_matrix": [
      [
        934,
        101
      ],
      [
        182,
        192
      ]
    ]
  },
  "XGBoost": {
    "accuracy": 0.7977288857345636,
    "precision": 0.6478405315614618,
    "recall": 0.5213903743315508,
    "f1": 0.5777777777777777,
    "roc_auc": 0.842213697073032,
    "confusion_matrix": [
      [
        929,
        106
      ],
      [
        179,
        195
      ]
    ]
  }
}